signature,count
prep,68955
conj,60104
subs|m|sg|a,33530
art,29594
nmpr|m|sg|a,19811
subs|m|sg|c,19023
subs|m|pl|a,15984
subs|f|sg|a,13859
nmpr|unknown|sg|a,11107
subs|unknown|sg|a,7813
verb|qal|wayq|p3|m|sg,7241
subs|m|pl|c,6945
nega,5565
verb|qal|perf|p3|m|sg,5399
adjv|m|sg|a,4602
subs|f|pl|a,4345
advb,4340
subs|f|sg|c,3936
verb|qal|infc|unknown|unknown|unknown|a,3447
verb|qal|impf|p3|m|sg,3161
subs|unknown|sg|c,3005
verb|qal|perf|p3|unknown|pl,2644
verb|qal|ptca|unknown|m|sg|a,2391
verb|qal|wayq|p3|m|pl,2360
adjv|m|pl|a,2167
intj,1741
verb|qal|perf|p1|unknown|sg,1667
verb|qal|impf|p3|m|pl,1498
verb|qal|ptca|unknown|m|pl|a,1412
prps|p3|m|sg,1359
verb|qal|impv|p2|m|sg,1308
verb|qal|perf|p2|m|sg,1294
verb|qal|impf|p2|m|sg,1239
prde|m|sg,1222
inrg,1207
subs|f|pl|c,1188
subs|f|du|a,1175
prps|p1|unknown|sg,1166
verb|hif|perf|p3|m|sg,1120
adjv|f|sg|a,1101
verb|qal|impf|p1|unknown|sg,1072
verb|qal|impv|p2|m|pl,995
verb|piel|perf|p3|m|sg,971
verb|hif|wayq|p3|m|sg,968
verb|qal|wayq|p3|f|sg,951
prin|unknown|unknown,930
verb|qal|perf|p3|f|sg,920
verb|qal|infc|unknown|unknown|unknown|c,903
nmpr|f|sg|a,769
prde|unknown|pl,768
verb|qal|impf|p2|m|pl,763
verb|qal|impf|p3|f|sg,716
verb|hif|infc|unknown|unknown|unknown|a,695
verb|hif|impf|p3|m|sg,690
prps|p2|m|sg,645
verb|piel|wayq|p3|m|sg,629
prde|f|sg,609
verb|qal|perf|p2|m|pl,606
verb|hif|perf|p1|unknown|sg,560
verb|piel|infc|unknown|unknown|unknown|a,555
prps|p3|m|pl,547
verb|nif|perf|p3|m|sg,544
subs|unknown|du|a,514
verb|qal|infa|unknown|unknown|unknown|a,508
subs|f|du|c,505
verb|nif|impf|p3|m|sg,496
verb|qal|ptca|unknown|m|pl|c,490
prps|p3|f|sg,486
verb|hif|ptca|unknown|m|sg|a,486
verb|hif|wayq|p3|m|pl,484
subs|m|sg|e,469
verb|qal|wayq|p1|unknown|sg,449
verb|qal|impf|p1|unknown|pl,411
verb|piel|impf|p3|m|sg,402
verb|hif|perf|p3|unknown|pl,394
verb|hif|impf|p1|unknown|sg,380
verb|piel|perf|p1|unknown|sg,374
verb|nif|perf|p3|unknown|pl,361
verb|qal|ptcp|unknown|m|sg|a,357
verb|nif|ptca|unknown|m|sg|a,333
verb|qal|ptca|unknown|f|sg|a,328
verb|piel|ptca|unknown|m|sg|a,311
verb|hif|impv|p2|m|sg,287
verb|piel|perf|p3|unknown|pl,283
prps|p2|m|pl,282
verb|hif|impf|p2|m|sg,277
adjv|f|pl|a,267
verb|piel|impf|p1|unknown|sg,258
subs|unknown|du|c,255
verb|qal|perf|p1|unknown|pl,250
verb|qal|ptcp|unknown|m|pl|a,247
verb|hif|perf|p2|m|sg,240
verb|hif|impf|p3|m|pl,238
verb|piel|ptca|unknown|m|pl|a,236
adjv|m|sg|c,233
verb|nif|wayq|p3|m|sg,225
verb|hif|impv|p2|m|pl,224
verb|hif|infa|unknown|unknown|unknown|a,224
adjv|m|pl|c,221
verb|qal|impv|p2|f|sg,216
verb|nif|ptca|unknown|m|pl|a,215
verb|qal|ptca|unknown|m|sg|c,213
verb|piel|perf|p2|m|sg,198
subs|m|du|a,190
verb|hif|infc|unknown|unknown|unknown|c,189
verb|piel|impf|p2|m|sg,185
verb|nif|perf|p3|f|sg,179
verb|piel|impf|p3|m|pl,175
verb|piel|impv|p2|m|sg,175
verb|piel|wayq|p3|m|pl,174
verb|nif|impf|p3|m|pl,171
verb|nif|infc|unknown|unknown|unknown|a,165
verb|qal|perf|p2|f|sg,165
verb|hif|ptca|unknown|m|pl|a,163
verb|hif|impf|p2|m|pl,159
subs|m|pl|e,158
verb|qal|ptcp|unknown|f|sg|a,158
verb|qal|impf|p3|f|pl,152
verb|nif|impf|p3|f|sg,139
verb|nif|wayq|p3|m|pl,137
verb|piel|infc|unknown|unknown|unknown|c,129
subs|f|sg|e,127
verb|qal|ptca|unknown|f|pl|a,122
prps|p1|unknown|pl,121
verb|qal|impf|p2|f|sg,116
verb|peal|perf|p3|m|sg,111
verb|peal|ptca|unknown|m|sg|a,107
verb|hof|impf|p3|m|sg,106
verb|nif|perf|p1|unknown|sg,105
verb|piel|infa|unknown|unknown|unknown|a,105
verb|hif|perf|p2|m|pl,103
verb|piel|impv|p2|m|pl,94
verb|pual|perf|p3|m|sg,93
verb|hit|impf|p3|m|sg,89
verb|hif|impf|p3|f|sg,88
verb|hit|infc|unknown|unknown|unknown|a,86
verb|nif|ptca|unknown|f|sg|a,85
verb|qal|wayq|p2|m|sg,82
verb|hit|ptca|unknown|m|sg|a,80
verb|hit|wayq|p3|m|sg,80
verb|qal|wayq|p3|f|pl,80
verb|hif|wayq|p1|unknown|sg,79
verb|hif|wayq|p3|f|sg,77
verb|piel|impf|p3|f|sg,75
verb|nif|impv|p2|m|sg,74
verb|piel|perf|p3|f|sg,70
verb|hif|perf|p3|f|sg,68
verb|peal|ptca|unknown|m|pl|a,67
verb|pual|ptcp|unknown|m|sg|a,67
verb|peal|impf|p3|m|sg,66
verb|nif|impf|p2|m|sg,65
verb|hof|perf|p3|m|sg,64
verb|piel|impf|p2|m|pl,61
verb|hof|ptcp|unknown|m|sg|a,60
verb|nif|ptca|unknown|f|pl|a,60
verb|qal|wayq|p1|unknown|pl,60
verb|hit|perf|p3|unknown|pl,59
verb|piel|perf|p2|m|pl,59
adjv|f|sg|c,58
prps|p2|f|sg,57
verb|piel|wayq|p3|f|sg,57
verb|qal|wayq|p2|m|pl,56
verb|hit|impf|p3|m|pl,55
verb|qal|ptcp|unknown|m|pl|c,54
verb|hit|wayq|p3|m|pl,51
verb|nif|impf|p1|unknown|sg,51
prps|p3|f|pl,48
verb|hif|impf|p1|unknown|pl,48
verb|nif|perf|p2|m|sg,48
verb|nif|wayq|p3|f|sg,48
verb|pual|perf|p3|unknown|pl,48
verb|pual|ptcp|unknown|m|pl|a,47
verb|qal|wayq|p2|f|sg,47
verb|qal|ptca|unknown|f|sg|c,45
verb|nif|impf|p2|m|pl,44
verb|hif|impv|p2|f|sg,43
verb|pual|impf|p3|m|sg,42
verb|hsht|wayq|p3|m|sg,41
verb|qal|ptcp|unknown|f|pl|a,41
verb|peal|perf|p3|m|pl,39
verb|hit|impf|p2|m|sg,37
verb|nif|perf|p2|m|pl,37
nmpr|m|pl|a,36
verb|hif|ptca|unknown|m|sg|c,36
verb|hit|impv|p2|m|pl,36
verb|hit|ptca|unknown|m|pl|a,36
verb|nif|infc|unknown|unknown|unknown|c,34
verb|haf|infc|unknown|unknown|unknown|a,33
verb|nif|impf|p3|f|pl,33
verb|nif|impv|p2|m|pl,33
verb|piel|ptca|unknown|m|pl|c,32
verb|pual|perf|p3|f|sg,32
verb|haf|perf|p3|m|sg,31
verb|piel|wayq|p1|unknown|sg,31
verb|hif|ptca|unknown|m|pl|c,30
verb|nif|infa|unknown|unknown|unknown|a,30
verb|pual|ptcp|unknown|f|sg|a,30
verb|peal|perf|p1|unknown|sg,29
adjv|m|pl|e,28
nmpr|unknown|sg|c,28
verb|hit|perf|p3|m|sg,28
verb|hit|impv|p2|m|sg,27
verb|hof|wayq|p3|m|sg,27
verb|hsht|wayq|p3|m|pl,27
verb|hif|ptca|unknown|f|sg|a,26
verb|piel|ptca|unknown|f|pl|a,26
verb|piel|ptca|unknown|f|sg|a,26
verb|hif|perf|p1|unknown|pl,25
verb|nif|perf|p1|unknown|pl,25
verb|peil|perf|p3|m|sg,25
verb|qal|ptcp|unknown|m|sg|c,25
verb|hof|ptcp|unknown|m|pl|a,24
verb|peal|impf|p3|m|pl,24
verb|piel|impf|p1|unknown|pl,24
verb|peal|infc|unknown|unknown|unknown|a,23
adjv|m|sg|e,22
verb|haf|perf|p3|m|pl,22
verb|hit|impf|p2|m|pl,22
verb|hof|perf|p3|f|sg,22
verb|peal|perf|p3|f|sg,22
subs|m|du|c,21
verb|hif|wayq|p2|m|sg,21
verb|hit|perf|p1|unknown|sg,21
verb|piel|perf|p1|unknown|pl,21
verb|piel|wayq|p2|m|sg,20
verb|hif|impf|p2|f|sg,19
subs|f|pl|e,18
verb|hif|perf|p2|f|sg,18
verb|hof|impf|p3|m|pl,18
verb|qal|impv|p2|f|pl,18
adjv|f|pl|c,17
verb|hsht|infc|unknown|unknown|unknown|a,17
verb|htpe|impf|p3|m|sg,17
verb|nif|impf|p1|unknown|pl,17
verb|piel|impv|p2|f|sg,17
verb|hit|wayq|p1|unknown|sg,16
verb|hof|perf|p3|unknown|pl,16
verb|peal|impf|p3|f|sg,16
verb|peal|perf|p2|m|sg,16
verb|piel|perf|p2|f|sg,16
subs|unknown|sg|e,15
verb|hit|impf|p1|unknown|sg,15
verb|peal|impf|p2|m|sg,15
verb|peal|ptcp|unknown|m|sg|a,15
verb|piel|impf|p3|f|pl,15
verb|nif|perf|p2|f|sg,14
verb|nif|wayq|p1|unknown|sg,14
verb|piel|impf|p2|f|sg,14
verb|hif|wayq|p1|unknown|pl,13
verb|hif|wayq|p2|m|pl,13
verb|hit|impf|p3|f|sg,13
verb|hit|ptca|unknown|f|sg|a,13
verb|pael|impf|p3|m|pl,13
verb|peal|impv|p2|m|sg,13
verb|pual|impf|p3|m|pl,13
verb|pual|perf|p1|unknown|sg,13
verb|piel|ptca|unknown|m|sg|c,12
verb|pual|impf|p3|f|sg,12
verb|haf|ptca|unknown|m|sg|a,11
verb|hit|perf|p2|m|sg,11
verb|hof|impf|p3|f|sg,11
verb|hof|ptcp|unknown|f|sg|a,11
verb|hsht|impf|p3|m|pl,11
verb|nif|ptca|unknown|m|pl|c,11
verb|pael|ptca|unknown|m|sg|a,11
verb|peal|impv|p2|m|pl,11
verb|pual|ptcp|unknown|f|pl|a,11
verb|qal|impf|p2|f|pl,11
prde|unknown|sg,10
verb|hif|ptca|unknown|f|pl|a,10
verb|hif|wayq|p2|f|sg,10
verb|hit|impv|p2|f|sg,10
verb|hit|perf|p2|m|pl,10
verb|nif|ptca|unknown|m|sg|c,10
verb|pael|infc|unknown|unknown|unknown|a,10
verb|pael|perf|p3|m|pl,10
verb|peal|impf|p2|m|pl,10
verb|peal|ptca|unknown|f|sg|a,10
verb|haf|impf|p3|m|sg,9
verb|hit|infc|unknown|unknown|unknown|c,9
verb|nif|impf|p2|f|sg,9
verb|pael|impf|p3|m|sg,9
verb|peal|perf|p1|unknown|pl,9
verb|qal|ptcp|unknown|f|sg|c,9
verb|haf|ptca|unknown|m|pl|a,8
verb|hit|impf|p1|unknown|pl,8
verb|hit|impf|p2|f|sg,8
verb|hit|wayq|p3|f|sg,8
verb|pael|perf|p3|m|sg,8
verb|peal|ptca|unknown|f|sg|e,8
verb|peil|perf|p3|f|sg,8
verb|piel|wayq|p2|f|sg,8
verb|haf|impf|p3|m|pl,7
verb|hof|infa|unknown|unknown|unknown|a,7
verb|hof|ptcp|unknown|f|pl|a,7
verb|hsht|impf|p2|m|pl,7
verb|hsht|ptca|unknown|m|pl|a,7
verb|hsht|wayq|p3|f|sg,7
verb|htpa|ptca|unknown|m|pl|a,7
verb|htpa|ptca|unknown|m|sg|a,7
verb|htpe|ptca|unknown|m|sg|a,7
verb|peal|ptcp|unknown|f|sg|a,7
verb|qal|perf|p2|f|pl,7
adjv|f|sg|e,6
subs|f|du|e,6
verb|haf|impf|p3|f|sg,6
verb|hif|impf|p3|f|pl,6
verb|hof|infc|unknown|unknown|unknown|a,6
verb|hof|perf|p1|unknown|sg,6
verb|hsht|perf|p3|unknown|pl,6
verb|htpa|impf|p3|m|sg,6
verb|htpe|perf|p3|f|sg,6
verb|nif|impv|p2|f|sg,6
verb|peal|infc|unknown|unknown|unknown|c,6
verb|peil|perf|p3|m|pl,6
verb|piel|wayq|p2|m|pl,6
verb|piel|wayq|p3|f|pl,6
nmpr|f|sg|c,5
prps|p2|f|pl,5
verb|haf|impf|p2|m|pl,5
verb|haf|impf|p2|m|sg,5
verb|haf|perf|p2|m|sg,5
verb|hif|ptca|unknown|f|sg|c,5
verb|hit|perf|p1|unknown|pl,5
verb|hof|impf|p2|m|sg,5
verb|hof|perf|p2|m|sg,5
verb|hsht|impf|p2|m|sg,5
verb|hsht|perf|p2|m|pl,5
verb|htpe|impf|p3|f|sg,5
verb|nif|wayq|p2|m|sg,5
verb|pasq|ptcp|unknown|m|sg|a,5
verb|peal|ptca|unknown|m|pl|c,5
verb|piel|ptca|unknown|f|sg|c,5
verb|pual|ptcp|unknown|m|pl|c,5
verb|pual|wayq|p3|m|pl,5
verb|qal|ptcp|unknown|f|pl|c,5
verb|shaf|infc|unknown|unknown|unknown|a,5
adjv|f|pl|e,4
verb|haf|ptca|unknown|f|sg|a,4
verb|hit|perf|p3|f|sg,4
verb|hof|wayq|p3|f|sg,4
verb|hotp|perf|p3|unknown|pl,4
verb|hsht|impf|p3|m|sg,4
verb|hsht|perf|p2|m|sg,4
verb|htpe|infc|unknown|unknown|unknown|a,4
verb|htpe|perf|p3|m|sg,4
verb|pael|ptcp|unknown|m|sg|a,4
verb|peal|ptca|unknown|f|pl|a,4
verb|piel|wayq|p1|unknown|pl,4
verb|pual|impf|p2|m|pl,4
verb|pual|perf|p2|m|sg,4
verb|qal|ptca|unknown|f|pl|c,4
verb|shaf|perf|p3|m|sg,4
verb|etpa|perf|p3|m|sg,3
verb|hif|wayq|p3|f|pl,3
verb|hit|impf|p3|f|pl,3
verb|hit|perf|p2|f|sg,3
verb|hof|impf|p2|m|pl,3
verb|hsht|perf|p1|unknown|sg,3
verb|hsht|ptca|unknown|m|sg|a,3
verb|htpa|impf|p3|f|sg,3
verb|nif|ptca|unknown|f|pl|c,3
verb|nif|wayq|p2|m|pl,3
verb|pael|impv|p2|m|pl,3
verb|pael|perf|p1|unknown|sg,3
verb|pael|perf|p2|m|sg,3
verb|pael|ptca|unknown|m|pl|a,3
verb|pael|ptcp|unknown|m|pl|a,3
verb|peal|impf|p1|unknown|pl,3
verb|peal|impf|p1|unknown|sg,3
verb|peal|impf|p3|f|pl,3
verb|peal|ptca|unknown|m|pl|e,3
verb|piel|impf|p2|f|pl,3
verb|pual|perf|p1|unknown|pl,3
verb|pual|perf|p2|f|sg,3
verb|pual|perf|p2|m|pl,3
verb|shaf|impf|p3|m|sg,3
verb|etpa|impf|p3|m|pl,2
verb|etpe|perf|p3|f|sg,2
verb|haf|impf|p1|unknown|pl,2
verb|haf|impv|p2|m|sg,2
verb|haf|perf|p1|unknown|pl,2
verb|haf|perf|p1|unknown|sg,2
verb|haf|perf|p3|f|sg,2
verb|haf|ptcp|unknown|m|sg|a,2
verb|hif|impv|p2|f|pl,2
verb|hif|perf|p2|f|pl,2
verb|hit|ptca|unknown|f|pl|a,2
verb|hof|perf|p3|m|pl,2
verb|hof|ptcp|unknown|f|pl|c,2
verb|hof|ptcp|unknown|m|sg|c,2
verb|hotp|infc|unknown|unknown|unknown|a,2
verb|hotp|perf|p3|f|sg,2
verb|hsht|wayq|p3|f|pl,2
verb|htpa|perf|p3|m|sg,2
verb|htpe|impf|p2|m|pl,2
verb|htpe|impf|p3|m|pl,2
verb|htpe|ptca|unknown|f|sg|a,2
verb|nif|wayq|p3|f|pl,2
verb|nit|perf|p3|m|sg,2
verb|peal|impv|p2|f|sg,2
verb|peal|perf|p2|m|pl,2
verb|peal|perf|p3|f|pl,2
verb|peal|ptcp|unknown|m|pl|a,2
verb|piel|wayq|p2|f|pl,2
verb|pual|ptcp|unknown|f|pl|c,2
verb|pual|ptcp|unknown|f|sg|c,2
verb|shaf|perf|p3|m|pl,2
verb|tif|perf|p1|unknown|sg,2
verb|tif|ptca|unknown|m|sg|a,2
verb|afel|impv|p2|m|pl,1
verb|afel|impv|p2|m|sg,1
verb|afel|infc|unknown|unknown|unknown|c,1
verb|afel|perf|p3|m|sg,1
verb|etpa|impf|p3|m|sg,1
verb|etpa|perf|p3|m|pl,1
verb|etpe|perf|p3|f|pl,1
verb|haf|impf|p1|unknown|sg,1
verb|haf|impv|p2|m|pl,1
verb|haf|infc|unknown|unknown|unknown|c,1
verb|haf|ptca|unknown|f|pl|a,1
verb|haf|ptca|unknown|f|sg|c,1
verb|hit|impv|p2|f|pl,1
verb|hit|infa|unknown|unknown|unknown|a,1
verb|hit|ptca|unknown|f|sg|c,1
verb|hit|ptca|unknown|m|sg|c,1
verb|hit|wayq|p1|unknown|pl,1
verb|hit|wayq|p2|m|sg,1
verb|hit|wayq|p3|f|pl,1
verb|hof|impf|p1|unknown|pl,1
verb|hof|impf|p1|unknown|sg,1
verb|hof|impv|p2|m|pl,1
verb|hof|impv|p2|m|sg,1
verb|hof|perf|p1|unknown|pl,1
verb|hof|perf|p2|f|sg,1
verb|hof|perf|p2|m|pl,1
verb|hof|ptcp|unknown|m|pl|c,1
verb|hof|wayq|p2|f|sg,1
verb|hof|wayq|p3|m|pl,1
verb|hsht|impf|p1|unknown|pl,1
verb|hsht|impf|p1|unknown|sg,1
verb|hsht|impv|p2|m|pl,1
verb|hsht|infc|unknown|unknown|unknown|c,1
verb|hsht|perf|p3|m|sg,1
verb|hsht|wayq|p1|unknown|sg,1
verb|htpa|impf|p3|m|pl,1
verb|htpa|infc|unknown|unknown|unknown|c,1
verb|htpa|perf|p2|m|sg,1
verb|htpa|perf|p3|m|pl,1
verb|htpa|ptca|unknown|f|sg|a,1
verb|htpe|perf|p2|m|pl,1
verb|htpe|perf|p2|m|sg,1
verb|htpe|perf|p3|m|pl,1
verb|htpe|ptca|unknown|m|pl|a,1
verb|htpo|impf|p3|m|pl,1
verb|htpo|perf|p3|unknown|pl,1
verb|htpo|ptca|unknown|m|sg|a,1
verb|nif|impf|p2|f|pl,1
verb|nif|ptca|unknown|f|sg|c,1
verb|nif|wayq|p2|f|sg,1
verb|nit|perf|p3|unknown|pl,1
verb|pael|impf|p1|unknown|pl,1
verb|pael|impf|p1|unknown|sg,1
verb|pael|impf|p2|m|pl,1
verb|pael|impf|p2|m|sg,1
verb|pael|impv|p2|m|sg,1
verb|pael|ptca|unknown|f|sg|a,1
verb|pael|ptcp|unknown|f|pl|e,1
verb|pael|ptcp|unknown|f|sg|a,1
verb|pasq|ptcp|unknown|f|sg|a,1
verb|peal|ptcp|unknown|f|pl|a,1
verb|peil|perf|p2|m|sg,1
verb|piel|impv|p2|f|pl,1
verb|piel|perf|p2|f|pl,1
verb|piel|ptca|unknown|f|pl|c,1
verb|poal|impf|p3|m|pl,1
verb|poal|perf|p1|unknown|sg,1
verb|poal|perf|p3|unknown|pl,1
verb|poel|impf|p3|m|sg,1
verb|poel|perf|p1|unknown|sg,1
verb|poel|perf|p3|m|sg,1
verb|poel|ptca|unknown|m|sg|a,1
verb|pual|impf|p2|f|sg,1
verb|pual|infa|unknown|unknown|unknown|a,1
verb|pual|ptcp|unknown|m|sg|c,1
verb|pual|wayq|p3|m|sg,1
verb|shaf|ptca|unknown|m|sg|a,1
verb|tif|impf|p2|m|sg,1
